acqf,trial,iteration,best_f,sum_c_x,cum_costs
EEIPU,6,0,-23.053018683448897,22.17490701329014,22.17490701329014
