acqf,trial,iteration,best_f,sum_c_x,cum_costs
EEIPU,1,0,-46.41259269926202,18.880226145951173,18.880226145951173
