acqf,trial,iteration,best_f,sum_c_x,cum_costs
EEIPU,8,0,-41.59817819001174,95.07300988444376,95.07300988444376
EEIPU,8,1,-33.152129842384525,91.8004043642967,186.87341424874046
EEIPU,8,0,-41.59817819001174,95.07300988444376,95.07300988444376
EEIPU,8,1,-33.152129842384525,91.8004043642967,186.87341424874046
EEIPU,8,2,-33.152129842384525,19.278656573969496,206.15207082270996
