acqf,trial,iteration,best_f,sum_c_x,cum_costs
EEIPU,2,0,-44.386050088991084,23.59669246094557,23.59669246094557
EEIPU,2,1,-44.386050088991084,23.046237369388233,46.6429298303338
