acqf,trial,iteration,best_f,sum_c_x,cum_costs
EEIPU,5,0,-33.845754441619746,19.2140666185914,19.2140666185914
EEIPU,5,1,-33.845754441619746,19.2140666185914,38.4281332371828
