acqf,trial,iteration,best_f,sum_c_x,cum_costs
EEIPU,4,0,-18.874812612505114,137.8465405938205,137.8465405938205
EEIPU,4,1,-18.874812612505114,150.96860543555403,288.81514602937455
EEIPU,4,0,-18.874812612505114,137.8465405938205,137.8465405938205
EEIPU,4,1,-18.874812612505114,150.96860543555403,288.81514602937455
