acqf,trial,iteration,best_f,sum_c_x,cum_costs
EEIPU,3,0,-32.364121595807745,22.00021930438508,22.00021930438508
EEIPU,3,1,-32.364121595807745,19.658823099191306,41.659042403576386
EEIPU,3,2,-32.364121595807745,38.8698714688273,80.52891387240368
