acqf,trial,iteration,best_f,sum_c_x,cum_costs
EEIPU,10,0,-32.74197066035946,146.33690772725453,146.33690772725453
EEIPU,10,1,-32.74197066035946,99.74923233918102,246.08614006643555
EEIPU,10,0,-32.74197066035946,146.33690772725453,146.33690772725453
EEIPU,10,1,-32.74197066035946,99.74923233918102,246.08614006643555
