acqf,trial,iteration,best_f,sum_c_x,cum_costs
EEIPU,9,0,-24.563216272571236,76.28520793584067,76.28520793584067
EEIPU,9,1,-24.563216272571236,74.99950095694054,151.28470889278123
EEIPU,9,0,-24.563216272571236,76.28520793584067,76.28520793584067
EEIPU,9,1,-24.563216272571236,74.99950095694054,151.28470889278123
EEIPU,9,2,-24.563216272571236,20.656612036225575,171.9413209290068
EEIPU,9,3,-24.563216272571236,25.96660950384633,197.9079304328531
