acqf,trial,iteration,best_f,sum_c_x,cum_costs
EEIPU,7,0,-26.29963495304115,20.54475098371824,20.54475098371824
EEIPU,7,1,-26.29963495304115,20.93955875424581,41.484309737964054
EEIPU,7,2,-26.29963495304115,19.339113248563297,60.82342298652735
