acqf,trial,iteration,best_f,sum_c_x,cum_costs
CArBO,1,1,-42.01941110759945,478.8775277999599,478.8775277999599
