acqf,trial,iteration,best_f,sum_c_x,cum_costs,n_mem,eta,duration,n_prefs
EEIPU,4,1,-4.391678514884107,3.108161373604959,82.36727957591683,0,0.9903094318498337,542.3811676502228,5
EEIPU,4,2,-4.391678514884107,1.5409473228016926,83.90822689871852,2,0.9855050947345741,898.5575959682465,5
EEIPU,4,3,-4.391678514884107,1.6663641154732263,85.57459101419175,2,0.9803097354584707,700.3512606620789,5
EEIPU,4,4,-2.440958506972897,1.6505713726175386,87.22516238680929,2,0.9751636145044892,960.7857286930084,5
