acqf,trial,iteration,best_f,sum_c_x,cum_costs,n_mem,eta,duration,n_prefs
EEIPU,9,1,-3.1420686052552145,5.428529991764767,60.95812622859514,0,0.9842409393304599,522.8934643268585,5
EEIPU,9,2,-3.1420686052552145,1.2947264668344782,62.25285269542962,2,0.9804823393094123,603.2139339447021,5
EEIPU,9,3,-3.1420686052552145,1.9759251029771085,64.22877779840672,2,0.9747462148662349,456.07492685317993,5
EEIPU,9,4,-3.1420686052552145,2.848358806487995,67.07713660489472,2,0.9664774092580577,384.3911807537079,5
EEIPU,9,5,-2.3243466047351835,2.7400137519863916,69.81715035688111,2,0.9585231301035843,381.30322909355164,5
EEIPU,9,6,-2.3243466047351835,1.6940665473243106,71.51121690420543,2,0.9536052430258631,373.6462187767029,5
EEIPU,9,7,-2.3243466047351835,2.3099016964501384,73.82111860065557,2,0.9468995821876152,467.8410716056824,5
