acqf,trial,iteration,best_f,sum_c_x,cum_costs,n_mem,eta,duration,n_prefs
EEIPU,6,1,-2.588461440540742,2.632977228728954,54.6055957952478,0,0.9924345687460452,576.2564690113068,5
EEIPU,6,2,-2.588461440540742,1.231192086709038,55.83678788195684,2,0.9888969387996945,674.6860680580139,5
EEIPU,6,3,-2.588461440540742,1.4288380033919248,57.26562588534876,2,0.9847914055008297,507.46987295150757,5
EEIPU,6,4,-2.588461440540742,2.800382558502087,60.06600844385085,1,0.9767449622957932,403.1437785625458,5
EEIPU,6,5,-2.588461440540742,1.24504930356678,61.31105774741763,2,0.9731675158936205,422.84000968933105,5
EEIPU,6,6,-2.588461440540742,1.231192086709038,62.542249834126665,2,0.96962988594727,392.00236535072327,5
EEIPU,6,7,-2.588461440540742,2.094671212193267,64.63692104631993,1,0.96361118936206,428.73651003837585,5
