acqf,trial,iteration,best_f,sum_c_x,cum_costs
EEIPU,1,1,-46.41259269926202,87.76612585052717,87.76612585052717
