acqf,trial,iteration,best_f,sum_c_x,cum_costs,n_mem,eta,duration,n_prefs
EEIPU,1,1,-6.8942986832252435,4.12296889634345,68.45791238749408,0,0.9877170148742167,486.06118726730347,5
EEIPU,1,2,-6.8942986832252435,1.963124196171944,70.42103658366602,2,0.9818685532661189,756.1502683162689,5
EEIPU,1,3,-4.7746008370587765,2.9801729739606473,73.40120955762667,2,0.9729901403477278,566.9848041534424,5
EEIPU,1,4,-4.7746008370587765,2.515899638539643,75.91710919616631,2,0.96549487210412,582.7837793827057,5
EEIPU,1,5,-4.7746008370587765,3.198091363210103,79.1152005593764,2,0.9559672453786202,397.49198293685913,5
EEIPU,1,6,-4.768252847407121,5.262121689309632,84.37732224868604,0,0.9402905415118568,510.8666195869446,5
