acqf,trial,iteration,best_f,sum_c_x,cum_costs,n_mem,eta,duration,n_prefs
EEIPU,5,1,-15.470832602476847,4.678616901279421,88.6637120335055,0,0.9851949486267523,344.64537024497986,5
EEIPU,5,2,-6.208782406628621,2.0861035901350844,90.74981562364059,2,0.978593666351766,666.0131812095642,5
EEIPU,5,3,-2.207824828690164,1.8612503645192187,92.61106598815981,2,0.9727039113565136,467.63113474845886,5
EEIPU,5,4,-2.207824828690164,2.2521576894768462,94.86322367763665,2,0.965577166210049,590.9812738895416,5
EEIPU,5,5,-2.207824828690164,3.3329411185986535,98.19616479623531,1,0.955030381652551,898.1262221336365,5
