acqf,trial,iteration,best_f,sum_c_x,cum_costs,n_mem,eta,duration,n_prefs
EEIPU,3,1,-2.9573019022112366,5.0662399967919125,70.00798796994104,0,0.9848795247807062,396.87907242774963,5
EEIPU,3,2,-2.9573019022112366,1.9082063968649419,71.91619436680598,2,0.9791843765928261,652.9021852016449,5
EEIPU,3,3,-0.9164613717427676,2.84586336991276,74.76205773671875,2,0.97069073898594,690.0217473506927,5
EEIPU,3,4,-0.9164613717427676,2.9561215943293107,77.71817933104805,2,0.9618680295721381,786.5928630828857,5
EEIPU,3,5,-0.9164613717427676,4.427305899861812,82.14548523090986,1,0.9486544887234054,742.0845601558685,5
