acqf,trial,iteration,best_f,sum_c_x,cum_costs,n_mem,eta,duration,n_prefs
EEIPU,2,1,-2.5218650708986936,2.822058681778409,84.56843325788614,0,0.9911326738917126,450.4415488243103,5
EEIPU,2,2,-2.5218650708986936,1.3835223545136197,85.95195561239976,2,0.9867854418604329,599.9688682556152,5
EEIPU,2,3,-2.5218650708986936,1.1624679754935707,87.11442358789333,2,0.9831327954092094,713.9668035507202,5
EEIPU,2,4,-2.5218650708986936,1.7084518669363307,88.82287545482966,2,0.9777645867527933,396.23859429359436,5
EEIPU,2,5,-2.5218650708986936,2.932191854439493,91.75506730926915,1,0.9685512059137408,446.89046812057495,5
EEIPU,2,6,-2.5218650708986936,1.3701293513869275,93.12519666065607,2,0.9642460566807605,501.0096182823181,5
