acqf,trial,iteration,best_f,sum_c_x,cum_costs,n_mem,eta,duration,n_prefs
EEIPU,7,1,-1.1289711489702254,3.357612769046063,70.21729540176567,0,0.9899213256576677,467.8671381473541,5
EEIPU,7,2,-1.1289711489702254,2.735912934503479,72.95320833626914,2,0.9817088314266341,819.3675842285156,5
EEIPU,7,3,-1.1289711489702254,1.3364399757185215,74.28964831198766,2,0.9776971885661121,665.645467042923,5
EEIPU,7,4,-1.1289711489702254,1.5886251199555272,75.87827343194319,2,0.9729285519372285,616.0337252616882,5
EEIPU,7,5,-1.1289711489702254,1.933142229879255,77.81141566182244,2,0.9671257651561017,625.2378180027008,5
