acqf,trial,iteration,best_f,sum_c_x,cum_costs,n_mem,eta,duration,n_prefs
EEIPU,10,1,-2.3099670867767452,2.55102225218854,88.58485648852579,0,0.9918748498075145,128.8384187221527,5
EEIPU,10,2,-2.3099670867767452,1.3881867169320563,89.97304320545784,2,0.9874533965800449,198.58145213127136,5
EEIPU,10,3,-2.3099670867767452,1.6654793248335424,91.63852253029138,2,0.9821487507091035,245.0529863834381,5
EEIPU,10,4,-2.3099670867767452,1.4186797317300972,93.05720226202148,2,0.9776301755044172,196.82580304145813,5
EEIPU,10,5,-2.3099670867767452,1.5649875328004108,94.62218979482189,2,0.9726456016762345,379.73221015930176,5
EEIPU,10,6,-2.3099670867767452,2.6545087499875297,97.27669854480942,1,0.9641908411337062,178.06406807899475,5
EEIPU,10,7,-2.3099670867767452,2.26356421949859,99.54026276430801,2,0.9569812610377334,358.5466492176056,5
EEIPU,10,8,-2.3099670867767452,3.5775437857278805,103.1178065500359,0,0.9455865816874085,629.5283648967743,5
EEIPU,10,9,-2.3099670867767452,2.6457172075438233,105.76352375757972,1,0.9371598227049283,839.8062620162964,5
