acqf,trial,iteration,best_f,sum_c_x,cum_costs
EEIPU,1,1,-46.41259269926202,87.76612585052717,87.76612585052717
EEIPU,1,1,-28.818242483686767,481.30277238023115,481.30277238023115
