acqf,trial,iteration,best_f,sum_c_x,cum_costs,n_mem,eta,duration,n_prefs
EEIPU,8,1,-7.662014768173195,2.7502730767788264,99.63577769455155,0,0.990926619747067,487.95125699043274,5
EEIPU,8,2,-7.662014768173195,1.6186110235905016,101.25438871814205,2,0.985586686988162,638.0200345516205,5
EEIPU,8,3,-7.662014768173195,1.222617174087718,102.47700589222977,2,0.9815531709646343,623.5371301174164,5
EEIPU,8,4,-2.8432149062550263,1.5726084993453595,104.04961439157513,2,0.9763650043698224,657.8337721824646,5
EEIPU,8,5,-2.8432149062550263,2.260872611739898,106.31048700331503,1,0.9689061970670277,814.2746901512146,5
