acqf,trial,iteration,best_f,sum_c_x,cum_costs
LaMBO,1,0,-12.688569068908691,1509.4947509765625,1509.4947509765625
LaMBO,1,0,-12.688569068908691,1509.4947509765625,1509.4947509765625
LaMBO,1,0,-12.688569068908691,396.55694580078125,1906.0516967773438
LaMBO,1,0,-12.688569068908691,1509.4947509765625,1509.4947509765625
LaMBO,1,0,-12.688569068908691,396.55694580078125,1906.0516967773438
LaMBO,1,0,-12.688569068908691,163.19500732421875,163.19500732421875
LaMBO,1,0,-12.688569068908691,111.74581909179688,274.9408264160156
