acqf,trial,iteration,best_f,sum_c_x,cum_costs
MS_BO,1,1,-0.6294375343524656,13.250934212372645,13.250934212372645
