acqf,trial,iteration,best_f,sum_c_x,cum_costs,n_mem,eta,duration,n_prefs
EEIPU,6,1,-9.354645501883912,2.0457589643401946,51.47518318832451,0,0.9864132885605524,80.419269323349,5
