acqf,trial,iteration,best_f,sum_c_x,cum_costs,n_mem,eta,duration,n_prefs
EEIPU,3,1,-9.077632376762267,2.2001314066105166,46.758603582774505,0,0.9858459226603592,83.43218970298767,5
